{"accuracy": [0.1111598014831543, 0.12251679599285126, 0.1375620812177658, 0.1502702236175537, 0.16929593682289124, 0.1882486194372177, 0.2052658498287201, 0.218631312251091, 0.2376205027103424, 0.2503286600112915, 0.2650087773799896, 0.2784472703933716, 0.29268917441368103, 0.3063467741012573, 0.32197633385658264, 0.3339906632900238, 0.3521764576435089, 0.3637160360813141, 0.3770449757575989, 0.38781771063804626, 0.4066608250141144, 0.4150964021682739, 0.42787760496139526, 0.43992841243743896, 0.4555945098400116, 0.4654542803764343, 0.4787832200527191, 0.490541934967041, 0.5050394535064697, 0.5328294038772583, 0.5394756197929382, 0.5495544672012329, 0.5523298382759094, 0.5646362900733948, 0.570186972618103, 0.5743499994277954, 0.5815439820289612, 0.5831507444381714, 0.5933756828308105, 0.6039658188819885, 0.612730085849762, 0.613752543926239, 0.6157610416412354, 0.624342679977417, 0.624525249004364, 0.6268989443778992, 0.6316827535629272, 0.6339833736419678, 0.6401183009147644, 0.6435509920120239, 0.6496859192848206, 0.6465819478034973, 0.6500145792961121, 0.6497954726219177, 0.6556017994880676, 0.6532281637191772, 0.6557113528251648, 0.6577198505401611, 0.6584867238998413, 0.6663380265235901, 0.668565571308136, 0.6681273579597473, 0.6674700379371643, 0.669222891330719, 0.6673970222473145, 0.6699167490005493, 0.6696611046791077, 0.6673240065574646, 0.6692959666252136, 0.6735320091247559], "loss": [2.508664846420288, 2.485363245010376, 2.459625720977783, 2.43619966506958, 2.4040310382843018, 2.372802495956421, 2.3442249298095703, 2.3136470317840576, 2.2755398750305176, 2.2473762035369873, 2.2151734828948975, 2.180802822113037, 2.1444504261016846, 2.1198527812957764, 2.0840837955474854, 2.0555381774902344, 2.02154278755188, 1.9905282258987427, 1.9587584733963013, 1.9285815954208374, 1.8900222778320312, 1.8589832782745361, 1.8219830989837646, 1.79958975315094, 1.7581716775894165, 1.7246108055114746, 1.6987031698226929, 1.6683530807495117, 1.6280183792114258, 1.5562957525253296, 1.5343642234802246, 1.5146820545196533, 1.4947434663772583, 1.471366047859192, 1.459892988204956, 1.4365487098693848, 1.415423035621643, 1.4058681726455688, 1.383992075920105, 1.3420000076293945, 1.3266754150390625, 1.3209052085876465, 1.3162577152252197, 1.294711709022522, 1.287306785583496, 1.2805637121200562, 1.2717883586883545, 1.2656409740447998, 1.2487397193908691, 1.2327154874801636, 1.2245707511901855, 1.2217739820480347, 1.211256980895996, 1.209274411201477, 1.1966854333877563, 1.2020307779312134, 1.1943988800048828, 1.1913155317306519, 1.1815400123596191, 1.1697378158569336, 1.1699615716934204, 1.1728872060775757, 1.1581720113754272, 1.160548448562622, 1.1580629348754883, 1.1586387157440186, 1.1578717231750488, 1.1520659923553467, 1.1546282768249512, 1.1421936750411987], "precision_1": [0.0, 0.0, 0.0, 0.0, 0.0, 0.6666666865348816, 0.625, 0.5116279125213623, 0.6240601539611816, 0.5131579041481018, 0.6352941393852234, 0.5994277596473694, 0.625464677810669, 0.6050999164581299, 0.6270514726638794, 0.6303571462631226, 0.6420233249664307, 0.6483616232872009, 0.6603073477745056, 0.6640444397926331, 0.6614031791687012, 0.679438054561615, 0.6872211694717407, 0.680272102355957, 0.6943886280059814, 0.7038888335227966, 0.7064711451530457, 0.7079494595527649, 0.7242470383644104, 0.7453789114952087, 0.7455892562866211, 0.7495094537734985, 0.7494625449180603, 0.753565788269043, 0.7595474123954773, 0.7617911696434021, 0.7607420682907104, 0.7638606429100037, 0.7647812962532043, 0.7755268812179565, 0.7784532308578491, 0.7841368317604065, 0.780730664730072, 0.78434818983078, 0.7855855822563171, 0.7855643630027771, 0.7865572571754456, 0.7881690263748169, 0.7904040217399597, 0.7952861785888672, 0.7969801425933838, 0.7969005107879639, 0.800000011920929, 0.7956117391586304, 0.7996700406074524, 0.7984914779663086, 0.8034354448318481, 0.8018081188201904, 0.8009514212608337, 0.8058538436889648, 0.8042263984680176, 0.8040302395820618, 0.808961033821106, 0.8052820563316345, 0.8040463924407959, 0.8058451414108276, 0.8022770881652832, 0.8061835765838623, 0.8050228953361511, 0.807729184627533], "recall_1": [0.0, 0.0, 0.0, 0.0, 0.0, 7.303534948732704e-05, 0.00036517673288471997, 0.0008033888298086822, 0.003030966967344284, 0.004272568039596081, 0.009859772399067879, 0.015300905331969261, 0.024576395750045776, 0.03206251934170723, 0.04046158492565155, 0.05156295746564865, 0.0662795826792717, 0.07803826779127121, 0.09100204706192017, 0.10480572283267975, 0.12083698809146881, 0.13599182665348053, 0.1575007289648056, 0.16798129677772522, 0.1893441379070282, 0.21085305511951447, 0.22166228294372559, 0.24130879342556, 0.2590563893318176, 0.29451504349708557, 0.30864739418029785, 0.3208077847957611, 0.33099621534347534, 0.34728309512138367, 0.352979838848114, 0.36156150698661804, 0.3788708746433258, 0.38438504934310913, 0.3920537531375885, 0.4152059555053711, 0.4208661913871765, 0.42528483271598816, 0.43233275413513184, 0.4402936100959778, 0.4458077847957611, 0.4511028230190277, 0.455119788646698, 0.4597940444946289, 0.4686313271522522, 0.4744011163711548, 0.47995179891586304, 0.4807186722755432, 0.4886064827442169, 0.4872918426990509, 0.4956178665161133, 0.4909801483154297, 0.49704205989837646, 0.4987584054470062, 0.5041630268096924, 0.509750247001648, 0.5100423693656921, 0.5085086226463318, 0.5149357318878174, 0.5166520476341248, 0.5166520476341248, 0.5165424942970276, 0.5197925567626953, 0.5208516120910645, 0.5197195410728455, 0.5228235721588135], "val_accuracy": [0.11510370671749115, 0.13920538127422333, 0.15132924914360046, 0.1571720689535141, 0.17543090879917145, 0.1792287528514862, 0.18171194195747375, 0.199824720621109, 0.20669004321098328, 0.21676892042160034, 0.2255331575870514, 0.23122991621494293, 0.24087058007717133, 0.24393805861473083, 0.2475898265838623, 0.2559158504009247, 0.26278117299079895, 0.2630733251571655, 0.2686240077018738, 0.27695003151893616, 0.2806017994880676, 0.28659069538116455, 0.28469178080558777, 0.28805142641067505, 0.2900964021682739, 0.29608529806137085, 0.29155710339546204, 0.30426526069641113, 0.30572596192359924, 0.31215307116508484, 0.3095238208770752, 0.31025415658950806, 0.30893951654434204, 0.3143441379070282, 0.3130294978618622, 0.31536662578582764, 0.31025415658950806, 0.3160969913005829, 0.3146362900733948, 0.31828805804252625, 0.32004091143608093, 0.318872332572937, 0.3239848017692566, 0.32150161266326904, 0.3234005272388458, 0.3194566071033478, 0.3236926794052124, 0.32135552167892456, 0.31974875926971436, 0.3226701617240906, 0.3206251859664917, 0.3238387405872345, 0.3203330338001251, 0.32296231389045715, 0.3266140818595886, 0.32120946049690247, 0.3234005272388458, 0.32310837507247925, 0.32164767384529114, 0.3220858871936798, 0.32500728964805603, 0.32471516728401184, 0.3235465884208679, 0.32471516728401184, 0.32456910610198975, 0.32456910610198975, 0.32150161266326904, 0.32427695393562317, 0.3254455029964447, 0.3254455029964447],